input_text,output,timestamp
"Artificial intelligence (AI) has significantly impacted financial markets, improving predictive analytics and trading efficiency. In this study, we analyze the role of AI in financial decision-making by examining historical data from stock exchanges worldwide.

Our research uses machine learning models, including neural networks and random forests, to process over five million trade records. The results show that AI-driven trading algorithms increase efficiency by 10% compared to traditional methods. Moreover, deep learning models enhance stock price prediction accuracy by 15%.

The study also explores challenges in AI adoption, such as data biases and regulatory concerns. We propose a hybrid approach combining human expertise with AI recommendations to improve decision-making processes.

Future work will focus on integrating reinforcement learning into trading strategies and expanding datasets to include cryptocurrency markets.

Overall, our findings demonstrate the potential of AI in transforming financial markets while highlighting areas for improvement and further research.
","This is a good, concise summary of a research paper on the impact of AI in financial markets. Here's a breakdown of its strengths and suggestions for minor improvements:

**Strengths:**

* **Clear and Concise:** It quickly gets to the point and summarizes the key aspects of the study.
* **Quantifiable Results:** The use of percentages (10% and 15%) adds credibility and highlights the impact of AI.
* **Specific Examples:** Mentioning ""neural networks and random forests"" provides specific examples of the machine learning models used.
* **Addresses Challenges:** Acknowledging the ""data biases and regulatory concerns"" adds balance and shows awareness of potential limitations.
* **Future Work:** Mentioning future research directions (reinforcement learning and cryptocurrency) demonstrates a forward-looking perspective.
* **Hybrid Approach Suggestion:**  The proposal of a hybrid approach (human + AI) is practical and reflects a realistic view of AI implementation.

**Suggestions for Minor Improvements (primarily for clarity and impact):**

* **Specificity in Efficiency Increase:**  Instead of just ""increase efficiency by 10%,"" specify *what* efficiency is being measured.  For example: ""increase trading efficiency by 10% in terms of order execution speed and reduced transaction costs"" or ""increase portfolio management efficiency by 10% based on Sharpe ratio optimization.""
* **Quantify Prediction Accuracy:**  Instead of ""enhance stock price prediction accuracy by 15%,"" specify the metric used to measure accuracy.  For example: ""improve stock price prediction accuracy by 15% based on Mean Absolute Error (MAE)"" or ""increase the percentage of correctly predicted directional movements by 15%.""
* **Elaborate on Data Biases (Slightly):**  While you mention data biases, briefly hinting at the *type* of biases could strengthen the argument.  For example: ""data biases, such as historical underrepresentation of certain demographics or market conditions.""
* **Strengthen the Conclusion:**  Rephrase the conclusion to be more impactful.  For example: ""These findings underscore the transformative potential of AI in financial markets, demonstrating substantial gains in efficiency and predictive accuracy. However, addressing challenges related to data biases and regulatory frameworks is crucial for realizing AI's full potential and ensuring responsible deployment. Our proposed hybrid approach offers a promising pathway towards leveraging AI's strengths while maintaining human oversight and ethical considerations.""

**Revised Example Incorporating Suggestions:**

""Artificial intelligence (AI) has significantly impacted financial markets, improving predictive analytics and trading efficiency. In this study, we analyze the role of AI in financial decision-making by examining historical data from stock exchanges worldwide.

Our research uses machine learning models, including neural networks and random forests, to process over five million trade records. The results show that AI-driven trading algorithms increase **trading efficiency by 10% in terms of order execution speed and reduced transaction costs** compared to traditional methods. Moreover, deep learning models **improve stock price prediction accuracy by 15% based on Mean Absolute Error (MAE)**.

The study also explores challenges in AI adoption, such as **data biases, such as historical underrepresentation of certain market conditions,** and regulatory concerns. We propose a hybrid approach combining human expertise with AI recommendations to improve decision-making processes.

Future work will focus on integrating reinforcement learning into trading strategies and expanding datasets to include cryptocurrency markets.

**These findings underscore the transformative potential of AI in financial markets, demonstrating substantial gains in efficiency and predictive accuracy. However, addressing challenges related to data biases and regulatory frameworks is crucial for realizing AI's full potential and ensuring responsible deployment. Our proposed hybrid approach offers a promising pathway towards leveraging AI's strengths while maintaining human oversight and ethical considerations.**""

By adding a bit more detail, you make the summary even more compelling and informative. Remember to tailor the revisions to accurately reflect the actual findings of your research!
",2025-03-14 12:17:41.113667
